id;name;surname;second_surname;sex;birthdate
1;mobile Fish;Home Loan Account Table Computer;Trace;Savings Account alarm;2019-12-15
2;Producer;Implementation Electronics Officer;methodology Albania;Home Namibia;2019-12-15
3;Gorgeous Frozen Pants;Common;Savings Account syndicate Planner;Refined Rubber Chicken Table;2019-12-15
4;Factors;South Dakota envisioneer Music;Nakfa;Bahamian Dollar Investment Account;2019-12-15
5;Salad;Digitized invoice;convergence;Mayotte;2019-12-15
6;Facilitator;Views e-enable Communications;National Awesome sky blue;Tactics;2019-12-15
7;compress South Georgia and the South Sandwich Islands;compelling mission-critical;bifurcated scalable;Small;2019-12-14
8;index orange;Jewelery;monitor;1080p Checking Account Identity;2019-12-15
9;Internal;Investment Account archive Fantastic Plastic Chicken;payment;withdrawal COM;2019-12-15
10;Frozen bus;hard drive Robust Networked;Poland;Small partnerships;2019-12-15
